{"version":"3.0.0","gauges":{},"counters":{"metrics":{"activeRequests":{"count":1}}},"histograms":{},"meters":{"metrics":{"responseCodes":{"badRequest":{"count":0,"m15_rate":0.0,"m1_rate":0.0,"m5_rate":0.0,"mean_rate":0.0,"units":"events/second"},"created":{"count":0,"m15_rate":0.0,"m1_rate":0.0,"m5_rate":0.0,"mean_rate":0.0,"units":"events/second"},"noContent":{"count":6069,"m15_rate":0.06653050665729027,"m1_rate":0.06857215434365889,"m5_rate":0.06662787607239011,"mean_rate":0.06667901846122949,"units":"events/second"},"notFound":{"count":4,"m15_rate":5.340604068969074e-08,"m1_rate":1.7236344266180614e-71,"m5_rate":9.254671119703976e-17,"mean_rate":4.3947284868176524e-05,"units":"events/second"},"ok":{"count":37904,"m15_rate":0.41788243352121673,"m1_rate":0.45900363620670454,"m5_rate":0.42235821623378117,"mean_rate":0.4164444694750481,"units":"events/second"},"other":{"count":1,"m15_rate":9.135369672603621e-11,"m1_rate":8.840881385349634e-109,"m5_rate":1.852627060651064e-24,"mean_rate":1.098682103299554e-05,"units":"events/second"},"serverError":{"count":0,"m15_rate":0.0,"m1_rate":0.0,"m5_rate":0.0,"mean_rate":0.0,"units":"events/second"}}}},"timers":{"api1":{"count":307,"max":58.717690494,"mean":38.05993824292486,"min":21.764332028000002,"p50":36.020245311000004,"p75":41.421895761500004,"p95":45.0439831587,"p98":47.30972631752001,"p99":52.36311141475992,"p999":58.717690494,"stddev":4.4773936505685645,"m15_rate":0.0033870797904883695,"m1_rate":0.00970036231360273,"m5_rate":0.0039537433317873944,"mean_rate":0.0033746819006190126,"duration_units":"seconds","rate_units":"calls/second"},"api2":{"count":311,"max":42.364268292000006,"mean":2.458129831668605,"min":0.006578359000000001,"p50":1.9734203145000002,"p75":2.0763994675,"p95":2.22330844905,"p98":9.72443437245992,"p99":38.044406501570066,"p999":42.364268292000006,"stddev":4.150818239000706,"m15_rate":0.0033918739866503635,"m1_rate":0.009700367492507503,"m5_rate":0.003958562829499481,"mean_rate":0.003419950301511963,"duration_units":"seconds","rate_units":"calls/second"},"api3":{"count":614,"max":3.1969409900000003,"mean":0.6339418913589744,"min":0.161886208,"p50":0.700662864,"p75":0.9921758020000001,"p95":1.1134841702,"p98":1.1417769599599998,"p99":1.17049110364,"p999":3.1969409900000003,"stddev":0.3903794819848175,"m15_rate":0.006792033836713528,"m1_rate":0.020243730315109534,"m5_rate":0.007975478801765447,"mean_rate":0.006751935864496498,"duration_units":"seconds","rate_units":"calls/second"},"api4":{"count":305,"max":0.053804749000000006,"mean":0.04365424042690059,"min":0.026308822000000003,"p50":0.045615912,"p75":0.047035034,"p95":0.049886836200000007,"p98":0.05154034272,"p99":0.05364345604,"p999":0.053804749000000006,"stddev":0.006511670037364358,"m15_rate":0.003390260929648908,"m1_rate":0.00970036749250592,"m5_rate":0.003958314877704168,"mean_rate":0.0033539544978622893,"duration_units":"seconds","rate_units":"calls/second"},"api":{"api5":{"count":304,"max":0.5883913740000001,"mean":0.4933234857544911,"min":0.30270038800000004,"p50":0.526901201,"p75":0.539531827,"p95":0.561733736,"p98":0.5740110495999999,"p99":0.58429070404,"p999":0.5883913740000001,"stddev":0.07223542916797043,"m15_rate":0.003409184044303042,"m1_rate":0.010543368709448771,"m5_rate":0.004024839627854065,"mean_rate":0.0033430633198794977,"duration_units":"seconds","rate_units":"calls/second"},"api6":{"count":1530,"max":58.707490642,"mean":7.768596536185268,"min":0.012978671,"p50":0.0268883385,"p75":0.029770338,"p95":41.33182639045,"p98":44.08031047169998,"p99":44.965736718369996,"p999":58.707490642,"stddev":15.394070190327618,"m15_rate":0.016948064324309193,"m1_rate":0.04850182710472638,"m5_rate":0.01978291810596138,"mean_rate":0.016818448301598097,"duration_units":"seconds","rate_units":"calls/second"}},"metrics":{"requests":{"count":43978,"max":36.718397893,"mean":0.2690089515252918,"min":0.001711075,"p50":0.0050785635,"p75":0.00545676225,"p95":0.006856344849999998,"p98":0.5302605980599987,"p99":2.05562165548,"p999":36.718340645956005,"stddev":2.9775342896579615,"m15_rate":0.4844128451186765,"m1_rate":0.5275757905503635,"m5_rate":0.4889860921815673,"mean_rate":0.4831783667444647,"duration_units":"seconds","rate_units":"calls/second"}}}}